2,chuvash
3,Senator
4,oldsock
5,Albus
6,Silaneo
7,GonZALO
8,StJimmy
9,Free
10,Rafka
11,Chicken23
12,Lupastic
13,Rudolf289
14,Dieego98
15,djongador
16,Psykologi
17,Leoric
18,Koras
19,Master
20,FrancisNgannoy
21,Albino
22,Thouson
23,Perdunok
24,MegaAdnan
25,LacLac
26,VoK
27,Abegod
28,Knight Templar
29,VdM2103
30,DrNick
31,Krabs
32,DurczyN
33,Dario
34,lopez185
35,SIBASA
36,Gufron
37,Yagelon
38,ChesterMB15
39,Kilobyte
40,Irtis
41,Kano
42,Danelius
43,DarK'X'LorD
44,Siwy
45,NekoKiwi
46,EPI
47,Kayz
48,Ferenando
49,Eray
50,Echiko
51,J040
52,Feelscoffe
53,Ledan
54,ILYXA
55,tita
56,KinslayeR
57,Amanwaf
58,PavelB
59,kinoman
60,dibz
61,Roccat
62,Inckilla
63,pava
64,tadeusz
65,Cinzel
66,Still
67,Crespo
68,russianvodka
69,Whale
70,Saint
71,Corujao
72,Szwagier
73,Zhirnich
74,pavlepavle
75,dsa
76,Cinek
77,Kamazi
78,CzarnyKot
79,Puschkin
80,Snake
81,kotel
82,Ypslon
83,Kisiro
84,TOMT
85,bb
86,Pellefot
87,Jexusjex
88,Jago
